farm_id,360_WD,72_WD,Average_WS,BQ,FLOWERS,RQ,Uniform_CT
Hornsea_Project_3_HOW03,16186.423571823354,16184.48562189116,16150.715494442804,16156.243879369873,16173.450969584414,16149.867066502251,16138.244297418973
East_Anglia_THREE,6805.191237053159,6803.401253754955,6795.279162533543,6790.96161612839,6784.2177537387815,6791.651608224085,6793.819657820136
Sofia,7119.076631097156,7116.92045498518,7115.465164754116,7103.624704712033,7115.477376692625,7106.250530832511,7112.036451121072
Hornsea_Project_2_-_Phase_1_Breesea,2213.3668396882495,2213.085830811717,2210.150503065469,2208.419629330765,2209.789274148693,2208.0054402066835,2211.1010479273227
Hornsea_Project_2_-_Phase_2_Soundmark,2194.3009564220383,2194.814966111577,2190.8029221877714,2190.6854768046355,2191.675537908013,2190.1530680454316,2190.7122157007557
Hornsea_Project_2_-_Phase_3_Sonningmay,2197.4639753756246,2197.8032943003623,2195.8575195502963,2193.121983681963,2196.7216281351175,2192.785850158927,2195.36281229783
Norfolk_Vanguard_East,6745.761599571633,6746.615124168618,6737.8456218544125,6725.925244280285,6725.166789928653,6729.420790083612,6738.184657321451
Dogger_Bank_C,6433.663605254176,6434.353082820984,6431.219327406385,6422.519253935823,6404.70302419425,6424.085981228551,6431.677624803677
Dogger_Bank_B,6479.970422307352,6479.0040924522755,6474.187738464756,6462.215403605602,6474.344648628507,6467.598076689709,6474.260263949425
Inch_Cape_Offshore_Wind_Farm,5134.082171151831,5138.375994314059,5123.267676589583,5113.545790495383,5116.101595387576,5107.586856215783,5125.799528865801
