polygon,x,y
0,546145.8721185098,6255718.4190456895
0,545698.3915686503,6256482.296304503
0,545250.9110624357,6257246.173548236
0,544803.4304472712,6258010.050810754
0,544355.9499403818,6258773.9281299105
0,543908.4694520844,6259537.805428952
0,543908.4773518434,6260534.945166002
0,543908.4852117323,6261532.085051284
0,543908.4930897673,6262529.224973933
0,543908.5011054561,6263526.364823707
0,543908.5090055871,6264523.504820445
0,544228.4706011715,6265395.564927412
0,544548.4322945939,6266267.625218227
0,544868.3939908093,6267139.685491766
0,545188.3555936435,6268011.745658201
0,545508.317372099,6268883.805965578
0,545828.2789863892,6269755.866098838
0,546148.2407052615,6270627.926306121
0,546962.0048602385,6270952.056443843
0,547775.7691154233,6271276.1864527045
0,548589.5333252784,6271600.316604227
0,549403.2975349204,6271924.446615366
0,550217.0617844397,6272248.576648386
0,551030.825992385,6272572.70675274
0,551363.1799199644,6271983.711676251
0,551695.5337549313,6271394.71654305
0,551664.9004778891,6270403.827108271
0,551634.2671916265,6269412.937733725
0,551603.633976776,6268422.048308785
0,551573.0007268606,6267431.158943237
0,551542.367399495,6266440.269524983
0,551511.7341340528,6265449.38016683
0,551481.1008266307,6264458.49075591
0,551450.4676781921,6263467.601405754
0,551419.8344015214,6262476.711889966
0,551389.2010717338,6261485.8225432085
0,551358.5678323521,6260494.933144304
0,551327.9345163307,6259504.04369098
0,552249.7958622647,6259322.126166879
0,553171.6571967232,6259140.208614606
0,554093.5184269156,6258958.290993276
0,555015.3798281802,6258776.373377969
0,555937.2411829205,6258594.455837451
0,556859.1023995853,6258412.538219313
0,557780.9637518139,6258230.620709956
0,558702.8250879085,6258048.703044846
0,558727.4488360838,6257210.162155526
0,558752.0725878723,6256371.621283987
0,557945.8829616769,6255880.821014619
0,557139.6933733289,6255390.020666682
0,556333.503700281,6254899.2203856185
0,555527.3141930377,6254408.4200992
0,554721.124545717,6253917.619839174
0,553914.9350089603,6253426.81953327
0,552996.8462269587,6253426.814921996
0,552078.7574579999,6253426.810264403
0,551160.6687205007,6253426.805563476
0,550242.5799068739,6253426.801043245
0,549324.491162919,6253426.796374179
0,548406.4024427554,6253426.791780948
0,547488.313642739,6253426.78715365
0,547040.8331574933,6254190.664450074
0,546667.339882408,6254828.241000369
0,546667.3072017959,6254828.296632059
0,546667.2654666296,6254828.368082105
0,546667.3687517713,6254828.346733344
0,546667.3888397939,6254828.342613185
0,546671.3904615956,6254827.513952218
0,546676.4030930123,6254826.456207693
0,546695.9879850477,6254823.221103751
0,546705.7208807557,6254822.008449736
0,546715.7180450304,6254820.755984878
0,546735.5284016585,6254819.070601788
0,546755.390328449,6254818.174100756
0,546775.2721594434,6254818.068136989
0,546791.2651781274,6254818.618850028
0,546795.1423123622,6254818.752362356
0,546814.9698844596,6254820.226324367
0,546824.1311513879,6254821.274892886
0,546834.691208087,6254822.5247174185
0,546850.6751103778,6254824.959114912
0,546854.3705156903,6254825.531814634
0,546873.8816070106,6254829.354863747
0,546887.891394159,6254832.683365876
0,546893.2127190606,6254833.969131906
0,546904.0330108168,6254836.97722318
0,546912.3708244017,6254839.312023665
0,546931.2879909909,6254845.430316356
0,546942.4650946321,6254849.542693942
0,546949.9310338164,6254852.295922015
0,546951.7920947104,6254853.059002557
0,546968.3186955354,6254859.897356738
0,546986.3731396275,6254868.223625064
0,547004.0826688842,6254877.26112411
0,547004.1079882829,6254877.274651308
0,547021.3907115792,6254887.038943356
0,547030.1378625243,6254892.357976974
0,547038.3541964795,6254897.411219002
0,547054.8619563855,6254908.492258284
0,547070.9163949892,6254920.220636702
0,547075.2108424274,6254923.627807501
0,547086.4915645451,6254932.57802801
0,547101.563258397,6254945.544900559
0,547116.1073375065,6254959.101277985
0,547116.1155121797,6254959.109272204
0,547130.0806483626,6254973.179218236
0,547143.5454206448,6254987.911204794
0,547146.6998339613,6254991.655080235
0,547156.3268890283,6255003.080896006
0,547168.5471374311,6255018.800959108
0,547180.1457464226,6255034.959401714
0,547191.0610602152,6255051.555532413
0,547197.1920466814,6255061.7014785195
0,547201.3317429766,6255068.573190381
0,547210.9060326538,6255085.998325332
0,547219.7797642114,6255103.7901447425
0,547227.939441314,6255121.920776294
0,547235.3717633219,6255140.361459597
0,547242.06485346,6255159.083005099
0,547244.7240390849,6255167.571147295
0,547247.9876224502,6255178.087066362
0,547253.1999476311,6255197.291377644
0,547254.4113045784,6255202.595024212
0,547257.6106960564,6255216.635255302
0,547261.2540278344,6255236.180634843
0,547264.1174985326,6255255.855465752
0,547266.1963474764,6255275.628636297
0,547266.4681963666,6255279.806322285
0,547267.4592334608,6255295.519164497
0,547267.9781909351,6255315.338950773
0,547267.694445964,6255335.261213677
0,547266.6103698798,6255355.063237862
0,547264.7247328414,6255374.856325278
0,547262.1005644386,6255394.529864307
0,547261.1017259614,6255400.26326235
0,547258.6647098421,6255414.158846279
0,547254.4542199961,6255433.59007094
0,547249.4747971189,6255452.838408952
0,547243.7339403147,6255471.873668647
0,547242.2011303195,6255476.309751609
0,547237.2279591286,6255490.651619688
0,547229.9925071892,6255509.160751957
0,547222.0196496755,6255527.438827827
0,547219.7566775368,6255532.10444234
0,547213.3565620442,6255545.286788532
0,547203.9688106105,6255562.812898373
0,547193.891654621,6255579.952212586
0,547183.1410690168,6255596.677084968
0,547179.049489468,6255602.518113835
0,547171.740436301,6255612.925778167
0,547162.43391986,6255625.17442335
0,547159.6889217081,6255628.779214242
0,547147.0241248462,6255644.105796984
0,547136.5938812088,6255655.752583654
0,547133.7601665668,6255658.916709061
0,547128.4047659951,6255664.438393871
0,547119.9178403204,6255673.188588402
0,547113.8343101908,6255678.9811525885
0,547105.4988856176,6255686.881497766
0,547095.8582764538,6255695.391500808
0,547090.5864483068,6255700.025865298
0,547075.1439109445,6255712.548823327
0,547064.9001353983,6255720.201302627
0,547059.2087214877,6255724.437101619
0,547044.5360503525,6255734.530468165
0,547042.8269682291,6255735.704352471
0,547026.0037062926,6255746.30032274
0,547008.772476887,6255756.219044729
0,546993.6995290164,6255764.115012641
0,546991.1783637583,6255765.425513775
0,546973.2040941356,6255773.908856773
0,546954.9289904642,6255781.721162425
0,546944.5870121948,6255785.683297702
0,546936.3216470294,6255788.82490762
0,546927.8670829092,6255791.659323752
0,546917.4788481097,6255795.109407786
0,546898.365498941,6255800.6863722205
0,546879.0758769299,6255805.482043708
0,546859.610030076,6255809.496759271
0,546849.8894916076,6255811.157540586
0,546840.0068559964,6255812.797183839
0,546820.2790164562,6255815.268804778
0,546800.4685110168,6255816.954164881
0,546780.6064325133,6255817.850603131
0,546760.7248476893,6255817.956581849
0,546740.8545101894,6255817.272218042
0,546730.3461314474,6255816.490902353
0,546721.0009550977,6255815.758612434
0,546701.2956322609,6255813.537767616
0,546700.2644481442,6255813.3808053015
0,546681.6263733611,6255810.49278991
0,546666.79810202,6255807.587138376
0,546662.0970764533,6255806.649868756
0,546653.4279395981,6255804.605419883
0,546642.7718827764,6255802.07349177
0,546623.6262527981,6255796.7124040965
0,546612.6693093805,6255793.168728165
0,546604.6877857085,6255790.545311832
0,546596.7326922592,6255787.659275172
0,546586.018945918,6255783.772598136
0,546570.3624743884,6255777.237439918
0,546567.6679520406,6255776.112717065
0,546549.6325922165,6255767.788604356
0,546544.2754825802,6255765.071235569
0,546531.91437746,6255758.763093479
0,546514.5783666846,6255749.028879925
0,546507.7473236441,6255744.827472064
0,546497.6683713876,6255738.610261125
0,546481.1427499207,6255727.520133271
0,546465.0559690711,6255715.767103706
0,546449.5294839019,6255703.464147481
0,546449.505513661,6255703.445963098
0,546445.772176131,6255700.234022357
0,546434.4339038178,6255690.479157222
0,546432.896579993,6255689.046389524
0,546419.9175680798,6255676.8688538745
0,546406.8815215935,6255663.794872319
0,546405.8904081087,6255662.800887546
0,546392.485748963,6255648.183208175
0,546385.5529533591,6255639.934925238
0,546379.6470084997,6255632.940832333
0,546375.445311546,6255627.543616964
0,546367.4335837663,6255617.252285939
0,546355.8536018932,6255601.090714201
0,546352.2513935077,6255595.616036585
0,546344.9047610175,6255584.435716153
0,546334.6706304504,6255567.404079197
0,546325.1182372273,6255550.045752039
0,546322.3914854885,6255544.612394182
0,546316.2175263747,6255532.233947907
0,546308.0582264154,6255514.103332062
0,546300.625818446,6255495.662869388
0,546293.9325145008,6255476.941185907
0,546292.789238888,6255473.291375793
0,546291.6976202378,6255469.806430884
0,546291.6449495936,6255469.638215521
0,546291.632259964,6255469.597558323
0,546291.5873986451,6255469.674098291
0,546145.8721185098,6255718.4190456895
