,name,country,centroid_lng,centroid_lat,capacity_mw,turbine_count,turbine_model,rated_power_display,rotor_diameter_display,hub_height_display,centroid_easting,centroid_northing
267,Hornsea_Project_3_HOW03,United Kingdom,2.53670197199111,53.8510011702901,2852.0,231.0,Siemens Gamesa SG 14-236 DD,14.0,236.0,150.0,469522.7830014811,5967043.687155036
270,East_Anglia_THREE,United Kingdom,2.85566697451504,52.6651520905159,1400.0,95.0,SG 14-236 DD,14.7,236.0,150.0,490238.9884283907,5835032.290120179
275,Sofia,United Kingdom,2.22854359207563,54.9899405052752,1400.0,100.0,Siemens Gamesa SG 14-222 DD,14.0,222.0,150.0,450639.2292295812,6093944.19549456
302,Hornsea_Project_2_-_Phase_1_Breesea,United Kingdom,1.87170961397825,53.9606689309293,1386.0,55.0,SG 8.0-167 DD,8.0,167.0,120.0,425972.8506167581,5979735.101563888
284,Hornsea_Project_2_-_Phase_2_Soundmark,United Kingdom,1.54713941592525,53.9662609867694,1386.0,55.0,SG 8.0-167 DD,8.0,167.0,120.0,404691.7989786781,5980745.1198217245
285,Hornsea_Project_2_-_Phase_3_Sonningmay,United Kingdom,1.55762065097261,53.8810565809029,1386.0,55.0,SG 8.0-167 DD,8.0,167.0,120.0,405186.4233447586,5971252.2262009885
300,Norfolk_Vanguard_East,United Kingdom,2.9465775708853,52.8946600889136,1380.0,92.0,Vestas V236-15.0 MW,15.0,236.0,150.0,496406.0812928015,5860553.771763015
274,Dogger_Bank_C,United Kingdom,2.82265770026038,55.0397275899186,1200.0,87.0,"GE Haliade-X for Dogger Bank C; originally announced as 14 MW, with 2024 project filing showing a 14.7 MW site configuration",14.7,220.0,138.0,488666.89125735697,6099226.656261761
277,Dogger_Bank_B,United Kingdom,1.67972877398272,54.9773766602285,1200.0,95.0,GE Haliade-X 13 MW,13.0,220.0,150.0,415499.2224284817,6093071.270510976
215,Inch_Cape_Offshore_Wind_Farm,United Kingdom,-2.19482585731177,56.4950775542159,1080.0,72.0,Vestas V236-15.0 MW,15.0,236.0,155.6,549572.4793869094,6261473.049645705
441,Thor,Denmark,7.64149584017731,56.3289576763777,1080.0,72.0,Siemens Gamesa SG 14-236 DD,15.0,236.0,148.0,415997.1776773153,6243521.526659299
222,Seagreen_Phase_1_Windfarm,United Kingdom,-1.6910867045382,56.5971094865717,1075.0,114.0,V164-10.0 MW,10.0,164.0,120.0,580368.2110314191,6273305.904229261
268,East_Anglia_TWO,United Kingdom,2.20665666006049,52.1326950968165,960.0,64.0,Siemens Gamesa SG 14-236 DD,15.0,236.0,150.0,445698.1555166972,5776093.897594609
236,Moray_West,United Kingdom,-3.00692415107482,58.0971555380395,882.0,60.0,Siemens Gamesa SG 14-222 DD,14.0,222.0,146.0,499591.828055934,6439526.889999237
283,Triton_Knoll,United Kingdom,0.838582968134386,53.4784602791239,857.0,90.0,V164-9.5 MW,9.5,164.0,105.0,356565.0272564123,5927672.078755578
282,East_Anglia_ONE,United Kingdom,2.50350478743619,52.2373482954387,714.0,102.0,SWT-7.0-154,7.0,154.0,90.0,466095.99585506605,5787553.431671367
250,London_Array,United Kingdom,1.49632399252235,51.6255602274876,630.0,175.0,Siemens SWT-3.6-120,3.6,120.0,87.0,395915.51240909315,5720464.145605653
89,Kriegers_Flak_K2-K3,Denmark,12.9322680403109,55.025768810157,605.0,72.0,Siemens Gamesa SWT-8.4-167,8.0,167.0,107.0,367824.8290560929,6099613.613853451
216,Beatrice_Offshore_Wind_Farm,United Kingdom,-2.88454453835796,58.2540585090233,588.0,84.0,SWT-7.0-154,7.0,154.0,101.0,506776.0752145693,6457001.653381087
243,Gwynt_y_Mor,United Kingdom,-3.98228714582698,53.4224064708985,576.0,159.0,SWT-3.6-107,3.6,107.0,84.4,434724.44598091685,5919710.8049266655
