name,country,centroid_lng,centroid_lat,capacity_mw,turbine_count,turbine_model,rated_power_display,rotor_diameter_display,hub_height_display
267,Hornsea_Project_3_HOW03,United Kingdom,2.53670197199111,53.8510011702901,2852.0,231.0,Siemens Gamesa SG 14-236 DD,14.0,236.0,150.0
270,East_Anglia_THREE,United Kingdom,2.85566697451504,52.6651520905159,1400.0,95.0,SG 14-236 DD,14.7,236.0,150.0
275,Sofia,United Kingdom,2.22854359207563,54.9899405052752,1400.0,100.0,Siemens Gamesa SG 14-222 DD,14.0,222.0,150.0
302,Hornsea_Project_2_-_Phase_1_Breesea,United Kingdom,1.87170961397825,53.9606689309293,1386.0,55.0,SG 8.0-167 DD,8.0,167.0,120.0
284,Hornsea_Project_2_-_Phase_2_Soundmark,United Kingdom,1.54713941592525,53.9662609867694,1386.0,55.0,SG 8.0-167 DD,8.0,167.0,120.0
285,Hornsea_Project_2_-_Phase_3_Sonningmay,United Kingdom,1.55762065097261,53.8810565809029,1386.0,55.0,SG 8.0-167 DD,8.0,167.0,120.0
300,Norfolk_Vanguard_East,United Kingdom,2.9465775708853,52.8946600889136,1380.0,92.0,Vestas V236-15.0 MW,15.0,236.0,150.0
274,Dogger_Bank_C,United Kingdom,2.82265770026038,55.0397275899186,1200.0,87.0,"GE Haliade-X for Dogger Bank C; originally announced as 14 MW, with 2024 project filing showing a 14.7 MW site configuration",14.7,220.0,138.0
277,Dogger_Bank_B,United Kingdom,1.67972877398272,54.9773766602285,1200.0,95.0,GE Haliade-X 13 MW,13.0,220.0,150.0
215,Inch_Cape_Offshore_Wind_Farm,United Kingdom,-2.19482585731177,56.4950775542159,1080.0,72.0,Vestas V236-15.0 MW,15.0,236.0,155.6
441,Thor,Denmark,7.64149584017731,56.3289576763777,1080.0,72.0,Siemens Gamesa SG 14-236 DD,15.0,236.0,148.0
222,Seagreen_Phase_1_Windfarm,United Kingdom,-1.6910867045382,56.5971094865717,1075.0,114.0,V164-10.0 MW,10.0,164.0,120.0
268,East_Anglia_TWO,United Kingdom,2.20665666006049,52.1326950968165,960.0,64.0,Siemens Gamesa SG 14-236 DD,15.0,236.0,150.0
236,Moray_West,United Kingdom,-3.00692415107482,58.0971555380395,882.0,60.0,Siemens Gamesa SG 14-222 DD,14.0,222.0,146.0
283,Triton_Knoll,United Kingdom,0.838582968134386,53.4784602791239,857.0,90.0,V164-9.5 MW,9.5,164.0,105.0
282,East_Anglia_ONE,United Kingdom,2.50350478743619,52.2373482954387,714.0,102.0,SWT-7.0-154,7.0,154.0,90.0
250,London_Array,United Kingdom,1.49632399252235,51.6255602274876,630.0,175.0,Siemens SWT-3.6-120,3.6,120.0,87.0
89,Kriegers_Flak_K2-K3,Denmark,12.9322680403109,55.025768810157,605.0,72.0,Siemens Gamesa SWT-8.4-167,8.0,167.0,107.0
216,Beatrice_Offshore_Wind_Farm,United Kingdom,-2.88454453835796,58.2540585090233,588.0,84.0,SWT-7.0-154,7.0,154.0,101.0
243,Gwynt_y_Mor,United Kingdom,-3.98228714582698,53.4224064708985,576.0,159.0,SWT-3.6-107,3.6,107.0,84.4
