n_CPUs,deficit,wfm,time_s
1,NOJ,360 WD,4.802998224894206
1,NOJ,72 WD,1.731761376063029
1,NOJ,Average WS,1.931830883026123
1,NOJ,Uniform CT,2.373286167780558
1,NOJ,FLOWERS,0.023050864537556965
1,NOJ,BQ,1.9199999173482258
1,NOJ,RQ,1.8162914117177327
1,NOJ,SGD,1.079513947168986
1,Gaussian,360 WD,7.360596736272176
1,Gaussian,72 WD,1.9165101051330566
1,Gaussian,Average WS,1.146878719329834
1,Gaussian,Uniform CT,0.8385517597198486
1,Gaussian,FLOWERS,0.01251681645711263
1,Gaussian,BQ,1.0730425516764324
1,Gaussian,RQ,1.1489960352579753
1,Gaussian,SGD,0.7172129154205322
1,TurbOPark,360 WD,21.41416056950887
1,TurbOPark,72 WD,4.643207947413127
1,TurbOPark,Average WS,2.116710344950358
1,TurbOPark,Uniform CT,2.1126460234324136
1,TurbOPark,FLOWERS,0.026809295018513996
1,TurbOPark,BQ,2.127679189046224
1,TurbOPark,RQ,2.1052430470784507
1,TurbOPark,SGD,1.242413838704427
2,NOJ,360 WD,3.634398937225342
2,NOJ,72 WD,1.3504438400268555
2,NOJ,Average WS,1.6833045482635498
2,NOJ,Uniform CT,1.1128180027008057
2,NOJ,FLOWERS,0.02238615353902181
2,NOJ,BQ,1.6498570442199707
2,NOJ,RQ,1.595446507136027
2,NOJ,SGD,1.0270481904347737
2,Gaussian,360 WD,4.145540475845337
2,Gaussian,72 WD,1.3076469898223877
2,Gaussian,Average WS,0.897382656733195
2,Gaussian,Uniform CT,0.4042775630950928
2,Gaussian,FLOWERS,0.012208382288614908
2,Gaussian,BQ,0.9875249862670898
2,Gaussian,RQ,0.9148671627044678
2,Gaussian,SGD,0.6174055735270182
2,TurbOPark,360 WD,15.539105892181396
2,TurbOPark,72 WD,3.8889760971069336
2,TurbOPark,Average WS,1.718374490737915
2,TurbOPark,Uniform CT,1.7957919438680012
2,TurbOPark,FLOWERS,0.025646686553955078
2,TurbOPark,BQ,1.7790225346883137
2,TurbOPark,RQ,1.9155340989430745
2,TurbOPark,SGD,1.035959800084432
4,NOJ,360 WD,2.109941085179647
4,NOJ,72 WD,1.0542069276173909
4,NOJ,Average WS,1.0835007826487224
4,NOJ,Uniform CT,0.44787152608235675
4,NOJ,FLOWERS,0.02231884002685547
4,NOJ,BQ,1.6520002683003743
4,NOJ,RQ,1.172375996907552
4,NOJ,SGD,0.7909252643585205
4,Gaussian,360 WD,1.961843729019165
4,Gaussian,72 WD,0.8643449942270914
4,Gaussian,Average WS,0.6142683029174805
4,Gaussian,Uniform CT,0.1519005298614502
4,Gaussian,FLOWERS,0.012134075164794922
4,Gaussian,BQ,1.0052040417989094
4,Gaussian,RQ,0.6777605215708414
4,Gaussian,SGD,0.568390687306722
4,TurbOPark,360 WD,7.794809500376384
4,TurbOPark,72 WD,2.2455955346425376
4,TurbOPark,Average WS,1.1953997611999512
4,TurbOPark,Uniform CT,1.2695332368214924
4,TurbOPark,FLOWERS,0.025628964106241863
4,TurbOPark,BQ,1.8282186190287273
4,TurbOPark,RQ,1.2720886866251628
4,TurbOPark,SGD,0.9533743858337402
8,NOJ,360 WD,1.4245367844899495
8,NOJ,72 WD,1.098345677057902
8,NOJ,Average WS,1.052322546641032
8,NOJ,Uniform CT,0.24759562810262045
8,NOJ,FLOWERS,0.022434711456298828
8,NOJ,BQ,1.6040650208791096
8,NOJ,RQ,1.162032683690389
8,NOJ,SGD,0.9983649253845215
8,Gaussian,360 WD,1.4501450856526692
8,Gaussian,72 WD,0.9389621416727701
8,Gaussian,Average WS,0.6307236353556315
8,Gaussian,Uniform CT,0.0876464049021403
8,Gaussian,FLOWERS,0.012143135070800781
8,Gaussian,BQ,0.9814947446187338
8,Gaussian,RQ,0.7144506772359213
8,Gaussian,SGD,0.6593050956726074
8,TurbOPark,360 WD,4.761634826660156
8,TurbOPark,72 WD,1.6747129758199055
8,TurbOPark,Average WS,1.1852444807688396
8,TurbOPark,Uniform CT,1.1681590874989827
8,TurbOPark,FLOWERS,0.02554003397623698
8,TurbOPark,BQ,1.8097143173217773
8,TurbOPark,RQ,1.1632609367370605
8,TurbOPark,SGD,1.013748327891032
16,NOJ,360 WD,1.4865806102752686
16,NOJ,72 WD,0.9674720764160156
16,NOJ,Average WS,1.0349525610605876
16,NOJ,Uniform CT,0.11765503883361816
16,NOJ,FLOWERS,0.022340854008992512
16,NOJ,BQ,1.6659704844156902
16,NOJ,RQ,0.9628780682881674
16,NOJ,SGD,0.9718981583913168
16,Gaussian,360 WD,1.006222407023112
16,Gaussian,72 WD,0.7377973397572836
16,Gaussian,Average WS,0.6870524088541666
16,Gaussian,Uniform CT,0.04427965482076009
16,Gaussian,FLOWERS,0.012217044830322266
16,Gaussian,BQ,0.9700088500976562
16,Gaussian,RQ,0.6870267391204834
16,Gaussian,SGD,0.6553885142008463
16,TurbOPark,360 WD,2.968078851699829
16,TurbOPark,72 WD,1.317578872044881
16,TurbOPark,Average WS,1.1605215867360432
16,TurbOPark,Uniform CT,1.1348108450571697
16,TurbOPark,FLOWERS,0.025427579879760742
16,TurbOPark,BQ,1.743621031443278
16,TurbOPark,RQ,1.125191609064738
16,TurbOPark,SGD,1.0738686720530193
32,NOJ,360 WD,1.5829176902770996
32,NOJ,72 WD,1.052862246831258
32,NOJ,Average WS,0.9631590048472086
32,NOJ,Uniform CT,0.09024604161580403
32,NOJ,FLOWERS,0.022504488627115887
32,NOJ,BQ,1.6404283841451008
32,NOJ,RQ,1.0760080814361572
32,NOJ,SGD,1.0578880310058594
32,Gaussian,360 WD,0.8427571455637614
32,Gaussian,72 WD,0.7415468692779541
32,Gaussian,Average WS,0.7144887447357178
32,Gaussian,Uniform CT,0.04418404897054037
32,Gaussian,FLOWERS,0.012163877487182617
32,Gaussian,BQ,0.9702044328053793
32,Gaussian,RQ,0.724132219950358
32,Gaussian,SGD,0.7806746164957682
32,TurbOPark,360 WD,2.529902219772339
32,TurbOPark,72 WD,1.3259217739105225
32,TurbOPark,Average WS,1.2998700141906738
32,TurbOPark,Uniform CT,1.1915770371754963
32,TurbOPark,FLOWERS,0.025403499603271484
32,TurbOPark,BQ,1.7904295126597087
32,TurbOPark,RQ,1.2871386210123699
32,TurbOPark,SGD,1.1075576146443684
