,360_WD,72_WD,Average_WS,FLOWERS,RQ,BQ,Uniform_CT
25,1672.7275023914215,1663.8001460626624,1978.5516113338308,1728.1627503485463,1684.1249893011664,1678.7733048927942,2007.6201429732675
50,3279.837174970773,3263.1699688986646,3809.368332505744,3134.0658479899334,3274.495659610053,3276.711151021705,3891.0732926895275
75,4859.549278378381,4835.623388431248,5580.561143403534,4373.468714168376,4829.0147069572595,4840.149272318873,5728.129663257886
100,6425.107547073322,6394.203617290952,7321.386878983603,5513.170950625234,6360.24939002874,6385.420637819494,7546.229567051569
150,9544.75925922082,9500.600774867082,10770.394570466417,7630.4103723849275,9409.468868528253,9464.823464824025,11152.827735074352
175,11097.025055088012,11046.488663851265,12479.136989384218,8616.26458049242,10923.656422038439,10995.015042944888,12946.035382655844
200,12647.989074603345,12591.173479352576,14184.912843699092,9574.441243622154,12435.927066342023,12523.712922052957,14737.86163426183
250,15730.047774246716,15661.120117017166,17552.709708322014,11342.348752399925,15435.545172725246,15557.018406927144,18286.483615478748
300,18808.489038590695,18727.67092244576,20910.770299133626,13035.78094858553,18425.553319302908,18585.9367338823,21831.332816910744
