N=1,N=3,N=5,N=7,N=9,N=11,N=13,N=15,N=17,N=19,N=21,N=23,N=25,N=27,N=29,N=31,N=33,N=35,N=37,N=39,N=41,N=43,N=45,N=47,N=49
720.6835083739198,720.0650205836355,720.6634440475123,718.9660939636873,719.7306197427058,719.9886848578899,718.796234256449,719.6111308234422,719.8336162685972,719.4502443569294,719.6686909073801,718.092234337139,719.1933666539152,720.291583530616,719.2025864839516,719.396543498211,719.7772293040707,719.918166719149,719.4938054075244,718.646053938651,719.4849221944959,719.672203016398,718.440308268883,719.9334447064043,719.7803544009012
719.9874103783147,719.3361384296845,718.8998233377486,719.4160227648492,720.5395340542038,719.6839352282606,719.1529909332681,719.5756292442175,719.1140815918392,718.6371136517682,719.3771337824968,719.3445138207355,719.2940840555746,718.8259169849154,718.4762848307848,719.8641228364396,719.213075803232,720.1566437668077,719.0288488593465,719.9394266016271,719.2343094850366,720.085211843611,718.9043686015169,719.7307183937909,719.5729010711611
722.1455604526222,719.9354432196548,719.3236864672402,718.7216962467094,721.6250420209144,720.5072810640683,719.3764087992879,719.5284409813399,719.5157974152697,719.7656308896421,719.2271886705161,719.9505060361046,719.0046340265716,718.7389169203574,719.5346527084863,719.9227182263571,719.7800237956586,720.3223452146791,719.5535551759773,720.3852153522239,718.8537036424802,719.5537642509889,719.1823146060852,719.899573077359,720.7286853061961
719.7009699170179,719.1626829439409,718.4902179858318,720.37334217411,719.2682690820196,718.8439698314105,719.5388488649322,719.588677232361,720.0100297166008,719.582494446746,720.632966745505,719.1772592350459,718.7626623481459,720.3650476418201,718.9838141489828,720.4900043000633,719.2249972146237,719.1628721665074,718.5359872995234,719.6978408042862,720.1925018619561,719.6222184809642,720.4648477810039,720.4127707869116,719.4099266596701
719.5518656784923,720.6237096794056,721.0759660963056,719.6716691016403,719.5724265812222,719.813688339855,719.8271019634835,720.5087951513731,718.851223364188,719.1845879093852,720.5257484853137,720.6144696829,720.017048421006,719.9223781618967,720.0281677034045,719.5704991508287,719.7844721121387,717.9167436680539,718.6008865728741,720.1304773011351,719.3080888665975,719.446475320062,718.9194206169625,719.1867280014573,719.4770594064157
721.1753151641594,718.8710517420182,719.0680967391735,719.7398859032864,720.0872483166534,719.4148843809769,718.8077915593182,717.6467692493089,719.5656215929478,719.7108604920134,719.7232467330407,718.6496190788203,720.0272603149857,719.3650642649162,719.9386126824204,719.3729874193244,718.8984048981484,720.7926295914161,719.8998807568729,718.2490973985797,719.2925956780083,719.0545594595752,720.6047491950477,718.9016445400144,719.7270104087825
720.53870309755,718.7052273911903,718.6882604949578,719.9119776887028,719.1699025658585,719.6824881823374,719.6575121065366,719.4744634551834,719.3967652843295,718.8863033000599,720.7613021985675,719.6893233609738,719.4472232412961,719.1589052582956,720.5383534603862,719.1918511315266,719.3643710896042,719.1631699235364,720.0614921962316,719.3278783312923,720.2938530283336,719.6822851321197,719.4634486309122,720.0914076313406,718.8104664411795
719.6546309273295,719.5193560974909,721.0293316515805,719.320166870613,718.924186303613,720.28216747641,720.2644434445273,720.6813811200553,719.5841607663291,719.562505212675,718.9159604309731,720.5937720977319,719.714433573833,720.2295642491582,719.4851413131148,719.474480030901,719.0530509145592,720.5894119407095,719.685857581332,719.7772448275492,719.6775489167755,719.4136509994843,719.7646185223812,718.7837343289012,719.9883561387755
722.73525786953,720.760013454679,718.8776715397378,719.7125179377819,720.4721554530273,719.299024104651,719.9451264678619,718.9259941702035,719.6447461598905,719.1374404558849,720.6243879430136,719.5837280623424,720.1276426586712,719.7716432418079,720.3691205266149,719.7481912576312,719.6977107918258,719.3823386496994,719.8018567893547,719.7948450284533,718.873480494395,719.4868740709618,718.7621514204818,719.7098590749774,720.4397403376706
719.3213921059423,719.5466824827004,720.5031813720722,719.8273753958503,719.6336604760244,720.1838922760292,719.4968550722242,718.0428610103039,718.5472097494319,719.2596183541655,719.7623827199012,719.3503290370415,718.1357463686938,719.1345271213779,720.2577242663812,719.7491696407271,719.4110483660479,719.6236811367532,719.9317351276835,718.7524421499629,719.925237690475,719.4348393294977,719.0701216125275,719.3717008962698,720.6401469179945
721.1991289491054,719.8377225530929,719.3435914625258,718.6578386243874,719.8344623410294,719.2969754915498,719.5307909828841,719.8567939418148,719.6171156347461,719.8672254445194,719.5423512473739,718.7775708264501,719.5194033386579,720.1530547576058,719.1707605156292,720.3910911866418,719.6937362604307,719.4566605383897,719.4532503663319,719.441827145393,718.9141118762609,719.3389598406791,719.2703970507785,719.1539642524972,720.5036812933058
718.7410373028699,722.7316831392831,719.357681739638,719.0118281489747,718.8344848356314,720.1333134936491,718.9508796059874,719.7086259282302,718.9510058147204,718.9372206284958,719.9474364365985,719.7157257538362,718.901262114273,720.3778165256894,719.9086355728087,718.9172103121828,719.2832336176965,718.7455895575941,719.3879696985915,718.9774012237514,720.1544527703821,719.8358019265992,720.5227513766267,719.6275741777972,719.1429058528197
718.8492185589215,719.6465112006334,719.0655235602486,720.167096865319,720.5592077979813,718.9723918045418,719.6505777666472,719.8267302229906,719.5006132033253,719.7390365032785,720.1866903025274,719.6470012451889,719.0534467330536,719.422842524657,719.469836456358,719.1629974244884,719.4906178250397,720.591653445422,718.288392338453,719.0635723177201,718.9009262605798,720.1668966524098,719.475594841142,720.19083619208,719.3605458618589
721.2136711367583,719.9011694527507,722.2299434049654,719.2539345267587,718.5076940296634,720.0105029967144,719.3998287451584,719.7437498367456,719.6757688150103,719.1377234615252,719.7689370915487,718.9569209724675,718.7506755180542,719.0199488707553,719.4656086541158,719.8998837688582,718.436624521945,719.2831036742161,719.7962552683613,720.1001978254163,719.8768088225274,719.4059180246547,720.2633350321831,719.8170500646737,718.7959788292472
718.315226548448,719.3182958381796,720.166585407844,719.9062185826859,719.2383267155872,720.2553429976984,720.5501123916806,719.3056637308612,718.8331003000468,719.5553267601128,720.1128712451513,718.7729469628281,719.9005923674625,719.508978117727,717.7160432212232,719.6008643851437,719.3523159673052,720.2768458834271,720.149193793225,720.0503323301472,718.7752931861473,718.9529920933722,719.825460957043,719.0346406832788,720.1964485338367
719.8851881080204,718.8248397312633,719.540188513829,719.7653767365709,719.5824067928083,720.2046377073824,720.3484617095181,719.4042753822414,719.4468636898115,719.0677903900099,719.5625887724959,720.2567245902425,720.1072417274526,719.9024105970428,719.4499259681429,719.9725255249606,719.2216502669196,720.2120515122675,718.9645795313219,720.1757492340109,720.7076974728814,719.2223058226059,718.8889864147914,720.3922352985795,719.5659342848393
720.5954052114535,719.09650019843,720.2848165133812,720.219767794506,720.0082713734931,719.7955023082017,719.0027565148436,719.5099739976861,721.1570511141408,720.5694758511958,719.1597058900943,719.9579568066695,719.69450596724,718.2587296270161,719.8117486886993,719.9827349559084,719.7220099393678,718.2770981196212,719.527645509068,719.7005702440255,719.2425480491888,720.4607823627193,719.8063675099423,719.3848289793348,718.2934649699522
718.1791552630164,721.0487460932078,717.7361745008143,718.7398480809572,719.2589960331753,719.2350999597063,719.5216093909776,719.560254904988,718.7497115548391,719.8147780930726,719.414787637965,719.6792291661991,719.1517245318296,719.5861505562984,719.1204562351982,720.0027680198677,719.0463286598933,719.4205771355311,719.3219454330933,719.4036151231958,720.2066644407247,719.9487515612544,719.1531169346296,719.7441998840574,720.0383867833282
722.9836038655328,718.716488003567,720.1487549492153,718.9814094264343,718.7280542906979,720.0246971052989,718.7443113934085,720.4296268096216,721.4263616970381,719.5232288235478,719.3034649561391,720.6856613531654,719.4234557064979,719.9716200685331,719.4357762644247,718.5511659025116,719.7614077309645,719.5256137227169,720.6560257241711,719.8382609716637,719.273982225521,719.9436612360067,718.8636439972893,719.523915382769,719.2903299810748
721.2495554564886,720.1928486365613,717.0095886023793,720.7557662468463,718.5961153558891,720.9661491379047,720.1018869752119,718.9288108891667,720.3964321497108,719.487607231653,720.0506495732927,719.0241541699893,719.702452234952,718.5964229003167,720.5903634143732,718.8218558065927,719.1081212686724,719.6850066835751,720.5777440187741,719.4446716358209,719.7774233502604,719.4622388758623,720.0399681451635,720.4929837073234,719.4893330110996
