;;NOJ;;Gaussian;;TurbOPark;;;;;;;
Wind Farm;AEP Model;Median;Std Dev;Median;Std Dev;Median;Std Dev;;;;;;
Hornsea 3;360 WD;78;6,34;39;6,56;65,5;9,38;;;;;;
;72 WD;147,5;19,72;41,5;6,04;150;17,14;;;;;;
;Average WS;71,5;7,01;50,5;8,77;75;5,93;;;;;;
;FLOWERS;74;8,66;89,5;11,21;71;9,43;;;;;;
;Uniform C$_T$;78,5;7,32;48;7,72;74;5,93;;;;;;
;BQ;156;34,89;155,5;58,6;154,5;26,3;;;;;;
;RQ;126;16,64;123;31,38;148,5;11,94;;;;;;
Sofia;360 WD;73,5;12,44;38;5,4;81;13,58;;;;;;
;72 WD;116,5;24,68;37;6,13;127;21,91;;;;;;
;Average WS;50,5;8,19;31;5,16;53,5;9,11;;;;;;
;FLOWERS;70;9,43;287;8,38;72;10,67;;;;;;
;Uniform C$_T$;48,5;8,33;29;4,04;53,5;9,11;;;;;;
;BQ;254;65,53;178,5;34,35;221;56,86;;;;;BQ;175
;RQ;85;21,33;62,5;15,78;95;20,5;;;;;OWQ;150
Thor;360 WD;131,5;46,92;131;53,43;105;45,6;;;;;;
;72 WD;124;34,81;132;53,33;131;34,22;;;;;0,5;0,37
;Average WS;257,5;188,09;851;198,79;189;114,92;;;;;0,95;0,57
;FLOWERS;166;26,94;143;40,13;165,5;15,67;;;;;0,58;0,5
;Uniform C$_T$;223,5;133,98;767;248,83;189;114,92;;;;;0,72;0,49
;BQ;129,5;46,4;140,5;30,26;120;48,47;;;;;0,18;0,21
;RQ;152;254,28;199;156,63;171;166,33;;;;;0,52;0,32
Hornsea 2;360 WD;140;38,96;175,5;26,2;148,5;32,43;;;;;0,21;0,27
;72 WD;146;24,76;179,5;35,75;150,5;25,55;;;;;0,37;0,33
;Average WS;467;299,56;944,5;308,98;226,5;268,02;;;;;0,35;0,24
;FLOWERS;160,5;11,38;184,5;19,15;160;15,46;;;;;0,75;0,36
;Uniform C$_T$;191;293,28;921,5;321;226,5;268,02;;;;;0,52;0,33
;BQ;223;59,05;173;29,46;198,5;42,83;;;;;0,55;0,41
;RQ;167,5;252,64;283,5;111,14;193;190,84;;;;;;
